work_id,agency_name,category,sanction_date,sanctioned_amount,released_amount,expenditure_amount,progress_percent,completion_status
WK-001,Apex Infrastructure Solutions,Road,2025-08-24,810000,810000,784000,100,Complete
WK-002,Pragati Rural Builders,Drainage,2026-06-14,2030000,1830000,662000,30,In Progress
WK-003,Nilgiri Engineering Works,Water Supply,2025-07-21,1630000,1630000,1553000,98,Complete
WK-004,Sahyadri Projects Ltd.,School,2026-05-07,4600000,4140000,1598000,37,In Progress
WK-005,Sahyadri Projects Ltd.,Road,2025-08-15,3500000,3500000,3325000,95,Complete
WK-006,Ranjit Construction Co.,Road,2025-05-31,3410000,3410000,3349000,100,Complete
WK-007,Apex Infrastructure Solutions,Drainage,2025-05-14,4220000,4220000,3889000,95,Complete
WK-008,Pragati Rural Builders,Water Supply,2026-02-20,3200000,2880000,1806000,55,In Progress
WK-009,Nilgiri Engineering Works,School,2025-04-10,5640000,5640000,5043000,92,Complete
WK-010,Sahyadri Projects Ltd.,Community Hall,2026-01-13,530000,530000,361000,68,In Progress
WK-011,Apex Infrastructure Solutions,Drainage,2025-11-28,2500000,2200000,2000000,35,In Progress
WK-012,Ranjit Construction Co.,Drainage,2025-02-18,1220000,1220000,1139000,95,Complete
WK-013,Apex Infrastructure Solutions,Water Supply,2025-02-01,1630000,1630000,1474000,92,Complete
WK-014,Ranjit Construction Co.,Drainage,2024-11-02,2800000,2800000,3450000,55,In Progress
WK-015,Nilgiri Engineering Works,Community Hall,2024-12-29,2800000,2800000,2689000,98,Complete
WK-016,Sahyadri Projects Ltd.,Road,2026-06-23,1100000,990000,299000,30,In Progress
WK-017,Sunrise Civic Developers,Drainage,2026-06-04,2015000,1910000,665000,36,In Progress
WK-018,Ranjit Construction Co.,Water Supply,2024-11-08,4830000,4830000,4429000,95,Complete
WK-019,Sunrise Civic Developers,School,2025-10-20,4500000,3800000,4750000,60,In Progress
WK-020,Pragati Rural Builders,Community Hall,2026-04-08,500000,450000,208000,44,In Progress
WK-021,Nilgiri Engineering Works,Road,2025-08-04,810000,810000,799000,100,Complete
WK-022,Pragati Rural Builders,School,2025-05-15,4200000,4000000,1470000,30,In Progress
WK-023,Sunrise Civic Developers,Water Supply,2026-02-10,3245000,3080000,1830000,58,In Progress
WK-024,Ranjit Construction Co.,School,2025-06-14,2240000,2240000,2119000,98,Complete
WK-025,Apex Infrastructure Solutions,Community Hall,2025-05-28,2800000,2800000,2622000,95,Complete
WK-026,Pragati Rural Builders,Road,2025-12-15,1130000,960000,886000,77,In Progress
WK-027,Apex Infrastructure Solutions,Community Hall,2025-11-15,4000000,3600000,3000000,38,In Progress
WK-028,Sahyadri Projects Ltd.,Water Supply,2025-11-07,3200000,2720000,2673000,85,In Progress
WK-029,Sunrise Civic Developers,School,2026-07-21,4615000,4615000,1177000,23,In Progress
WK-030,Ranjit Construction Co.,Community Hall,2025-03-04,450000,450000,422000,95,Complete
WK-031,Apex Infrastructure Solutions,Road,2025-02-15,810000,810000,754000,95,Complete
WK-032,Pragati Rural Builders,Drainage,2026-05-25,2000000,1700000,656000,30,In Progress
WK-033,Pragati Rural Builders,Road,2025-04-11,5200000,5200000,3600000,28,In Progress
WK-034,Sahyadri Projects Ltd.,School,2026-04-17,4630000,4630000,2040000,45,In Progress
WK-035,Sunrise Civic Developers,Community Hall,2026-03-29,545000,490000,257000,50,In Progress
WK-036,Ranjit Construction Co.,Road,2024-11-22,3410000,3410000,3030000,92,Complete
WK-037,Apex Infrastructure Solutions,Drainage,2024-11-05,4220000,4220000,3791000,92,Complete
WK-038,Ranjit Construction Co.,Road,2025-12-05,5000000,4200000,5460000,70,In Progress
WK-039,Nilgiri Engineering Works,School,2025-08-18,5640000,5640000,5168000,95,Complete
WK-040,Sahyadri Projects Ltd.,Community Hall,2025-12-24,500000,420000,365000,72,In Progress
WK-041,Nilgiri Engineering Works,Water Supply,2025-06-12,3300000,3000000,2600000,32,In Progress
WK-042,Ranjit Construction Co.,Drainage,2025-06-28,1220000,1220000,1093000,92,Complete
WK-043,Apex Infrastructure Solutions,Water Supply,2025-06-11,1630000,1630000,1483000,92,Complete
WK-044,Pragati Rural Builders,School,2026-07-11,4600000,4140000,1271000,26,In Progress
WK-045,Nilgiri Engineering Works,Community Hall,2025-05-08,2800000,2800000,2695000,100,Complete
WK-046,Sahyadri Projects Ltd.,Road,2026-06-03,1130000,960000,398000,36,In Progress
WK-047,Nilgiri Engineering Works,Water Supply,2026-01-10,3600000,3200000,3060000,42,In Progress
WK-048,Ranjit Construction Co.,Water Supply,2025-03-18,4830000,4830000,4315000,92,Complete
WK-049,Sahyadri Projects Ltd.,Drainage,2025-03-20,2200000,2000000,770000,35,In Progress
WK-050,Pragati Rural Builders,Community Hall,2026-03-19,530000,500000,244000,48,In Progress
